Task,Family,Model,Accuracy_mean,Accuracy_std,F1_mean,F1_std,Accuracy_mean_std,F1_mean_std,SourceFile
Tri-class (3-class),DL,UNet1D,0.8655976963461908,0.08616682553002826,0.857398960803043,0.08773332196554903,0.8656 +/- 0.0862,0.8574 +/- 0.0877,dl_loso_unet1d_3cls_20260513_230721.json
Tri-class (3-class),DL,CNN1D,0.8503195261707795,0.12264840263706604,0.8473424955590818,0.12184088809773044,0.8503 +/- 0.1226,0.8473 +/- 0.1218,dl_loso_cnn1d_3cls_20260513_230306.json
Tri-class (3-class),DL,ResNet1D,0.7961054372932225,0.1464702476026816,0.782093286636794,0.14718982926867308,0.7961 +/- 0.1465,0.7821 +/- 0.1472,dl_loso_resnet1d_3cls_20260513_231944.json
