Task,Family,Model,Accuracy_mean,Accuracy_std,F1_mean,F1_std,Accuracy_mean_std,F1_mean_std,SourceFile
Binary (2-class),DL,UNet1D,0.966266887465027,0.0580015737331909,0.965986406861666,0.0589231250420014,0.9663 ± 0.0580,0.9660 ± 0.0589,dl_loso_unet1d_2cls_20260429_071522.json
Binary (2-class),DL,ResNet1D,0.944505024717949,0.076870103440202,0.944215818304549,0.0769643242932889,0.9445 ± 0.0769,0.9442 ± 0.0770,dl_loso_resnet1d_2cls_20260429_080335.json
Binary (2-class),DL,CNN1D,0.941115708929124,0.0842394173311472,0.93616797536517,0.099296593704631,0.9411 ± 0.0842,0.9362 ± 0.0993,dl_loso_cnn1d_2cls_20260429_070406.json
