Task,Family,Model,Accuracy_mean,Accuracy_std,F1_mean,F1_std,Accuracy_mean_std,F1_mean_std,SourceFile
Binary (2-class),DL,UNet1D,0.9575584283184229,0.05116343672171079,0.9577706598112802,0.05065763040605334,0.9576 +/- 0.0512,0.9578 +/- 0.0507,dl_loso_unet1d_2cls_20260513_224428.json
Binary (2-class),DL,ResNet1D,0.9291692076826059,0.09238444624146036,0.9295222129556958,0.09063588171225158,0.9292 +/- 0.0924,0.9295 +/- 0.0906,dl_loso_resnet1d_2cls_20260513_225728.json
Binary (2-class),DL,CNN1D,0.9257982617520883,0.08722043920830418,0.926733096052684,0.08631800388041035,0.9258 +/- 0.0872,0.9267 +/- 0.0863,dl_loso_cnn1d_2cls_20260513_224040.json
