Task,Family,Model,Accuracy_mean,Accuracy_std,F1_mean,F1_std,Accuracy_mean_std,F1_mean_std,SourceFile
Tri-class (3-class),ML,AdaBoost,0.9247457803105826,0.06475824989355297,0.9211445847790795,0.0674012995123348,0.9247 +/- 0.0648,0.9211 +/- 0.0674,loso_20260513_223538.json
Tri-class (3-class),ML,RandomForest,0.9204604981693236,0.06879165020645218,0.9087865425630656,0.08211934568075897,0.9205 +/- 0.0688,0.9088 +/- 0.0821,loso_20260513_223538.json
Tri-class (3-class),ML,SVM,0.8753214588804247,0.08479061443295086,0.8539849619077411,0.10230131153372442,0.8753 +/- 0.0848,0.8540 +/- 0.1023,loso_20260513_223538.json
Tri-class (3-class),ML,LDA,0.85863335117524,0.12096656486534905,0.8422281485299197,0.1270300433868329,0.8586 +/- 0.1210,0.8422 +/- 0.1270,loso_20260513_223538.json
Tri-class (3-class),ML,DecisionTree,0.8342523707915885,0.1280154090507735,0.8222118850176034,0.12448083384733746,0.8343 +/- 0.1280,0.8222 +/- 0.1245,loso_20260513_223538.json
Tri-class (3-class),ML,KNN,0.8372595407256401,0.1054681140743704,0.8125747472819944,0.11089433947566817,0.8373 +/- 0.1055,0.8126 +/- 0.1109,loso_20260513_223538.json
Tri-class (3-class),ML,LogisticRegression,0.8245060065462196,0.12561561336744004,0.8006204324169648,0.13053514501412639,0.8245 +/- 0.1256,0.8006 +/- 0.1305,loso_20260513_223538.json
