Task,Family,Model,Accuracy_mean,Accuracy_std,F1_mean,F1_std,Accuracy_mean_std,F1_mean_std,SourceFile
Binary (2-class),ML,LogisticRegression,0.990601503759398,0.0271180956070357,0.990418032260138,0.0278367685568424,0.9906 ± 0.0271,0.9904 ± 0.0278,loso_20260429_064809.json
Binary (2-class),ML,RandomForest,0.986000311513246,0.028800822768663,0.986152137011691,0.028440030804701,0.9860 ± 0.0288,0.9862 ± 0.0284,loso_20260429_064809.json
Binary (2-class),ML,SVM,0.975878628682478,0.0412113333664681,0.976169547810397,0.0406057704417087,0.9759 ± 0.0412,0.9762 ± 0.0406,loso_20260429_064809.json
Binary (2-class),ML,DecisionTree,0.823818562120074,0.212492418015634,0.810384422439,0.241323069951737,0.8238 ± 0.2125,0.8104 ± 0.2413,loso_20260429_064809.json
